{"cameraMode":{"drawMode":0,"name":"Shaded","section":"Shading Mode"},"sceneLighting":true,"audioPlay":false,"sceneViewState":{"m_AlwaysRefresh":false,"showFog":true,"showSkybox":true,"showFlares":true,"showImageEffects":true,"showParticleSystems":true,"showVisualEffectGraphs":true,"m_FxEnabled":true},"in2DMode":false,"pivot":{"x":-4.125357627868652,"y":3.7935190200805666,"z":1.080055832862854},"rotation":{"x":0.04901007190346718,"y":0.5969541668891907,"z":0.036573003977537158,"w":-0.7999392747879028},"size":4.375906467437744,"orthographic":false}